<?xml version="1.0" encoding="UTF-8"?>
<library xmlns="http://www.netbeans.org/ns/library-declaration/2" version="2.0">
    <name>ant-contrib</name>
    <type>j2se</type>
    <localizing-bundle>org/netbeans/mobility/antext/Bundle</localizing-bundle>
    <volume>
        <type>classpath</type>
        <resource>jar:nbinst://org.netbeans.modules.mobility.antext/modules/ext/ant-contrib-1.0b3.jar!/</resource>
    </volume>
    <volume>
        <type>src</type>
    </volume>
    <volume>
        <type>javadoc</type>
    </volume>
    <volume>
        <type>maven-pom</type>
    </volume>
</library>
