<?xml version="1.0" encoding="UTF-8"?>
<library xmlns="http://www.netbeans.org/ns/library-declaration/2" version="2.0">
    <name>JUnit</name>
    <type>j2se</type>
    <display-name>junit_4</display-name>
    <volume>
        <type>classpath</type>
        <resource>jar:file:/C:/Program%20Files/NetBeans%207.0.1/platform/modules/ext/junit-4.8.2.jar!/</resource>
    </volume>
    <volume>
        <type>src</type>
    </volume>
    <volume>
        <type>javadoc</type>
    </volume>
    <volume>
        <type>maven-pom</type>
    </volume>
</library>
